<metadata xml:lang="en"><Esri><MetaID>{ADD92D5B-91B3-11D5-B992-00B0D0A8C8A7}</MetaID><CreaDate>20010815</CreaDate><CreaTime>12301800</CreaTime><SyncOnce>FALSE</SyncOnce><DataProperties><itemProps><itemName Sync="TRUE">erelev</itemName><itemLocation><linkage Sync="FALSE">withheld</linkage><protocol Sync="TRUE">Local Area Network</protocol></itemLocation><imsContentType Sync="TRUE">002</imsContentType><nativeExtBox><westBL Sync="TRUE">748982.687500</westBL><eastBL Sync="TRUE">760262.687500</eastBL><southBL Sync="TRUE">4306622.500000</southBL><northBL Sync="TRUE">4320842.500000</northBL><exTypeCode Sync="TRUE">1</exTypeCode></nativeExtBox></itemProps><coordRef><type Sync="TRUE">Projected</type><geogcsn Sync="TRUE">GCS_North_American_1927</geogcsn><csUnits Sync="TRUE">Linear Unit: Meter (1.000000)</csUnits><projcsn Sync="TRUE">NAD_1927_UTM_Zone_10N</projcsn><peXml Sync="TRUE">&lt;ProjectedCoordinateSystem xsi:type='typens:ProjectedCoordinateSystem' xmlns:xsi='http://www.w3.org/2001/XMLSchema-instance' xmlns:xs='http://www.w3.org/2001/XMLSchema' xmlns:typens='http://www.esri.com/schemas/ArcGIS/10.1'&gt;&lt;WKT&gt;PROJCS[&amp;quot;NAD_1927_UTM_Zone_10N&amp;quot;,GEOGCS[&amp;quot;GCS_North_American_1927&amp;quot;,DATUM[&amp;quot;D_North_American_1927&amp;quot;,SPHEROID[&amp;quot;Clarke_1866&amp;quot;,6378206.4,294.9786982]],PRIMEM[&amp;quot;Greenwich&amp;quot;,0.0],UNIT[&amp;quot;Degree&amp;quot;,0.0174532925199433]],PROJECTION[&amp;quot;Transverse_Mercator&amp;quot;],PARAMETER[&amp;quot;False_Easting&amp;quot;,500000.0],PARAMETER[&amp;quot;False_Northing&amp;quot;,0.0],PARAMETER[&amp;quot;Central_Meridian&amp;quot;,-123.0],PARAMETER[&amp;quot;Scale_Factor&amp;quot;,0.9996],PARAMETER[&amp;quot;Latitude_Of_Origin&amp;quot;,0.0],UNIT[&amp;quot;Meter&amp;quot;,1.0],AUTHORITY[&amp;quot;EPSG&amp;quot;,26710]],VERTCS[&amp;quot;Unknown VCS&amp;quot;,VDATUM[&amp;quot;Unknown&amp;quot;],PARAMETER[&amp;quot;Vertical_Shift&amp;quot;,0.0],PARAMETER[&amp;quot;Direction&amp;quot;,1.0],UNIT[&amp;quot;Foot_US&amp;quot;,0.3048006096012192]]&lt;/WKT&gt;&lt;XOrigin&gt;-5121000&lt;/XOrigin&gt;&lt;YOrigin&gt;-9998000&lt;/YOrigin&gt;&lt;XYScale&gt;450450052.74759901&lt;/XYScale&gt;&lt;ZOrigin&gt;-100000&lt;/ZOrigin&gt;&lt;ZScale&gt;3048.0060960121923&lt;/ZScale&gt;&lt;MOrigin&gt;-100000&lt;/MOrigin&gt;&lt;MScale&gt;10000&lt;/MScale&gt;&lt;XYTolerance&gt;0.001&lt;/XYTolerance&gt;&lt;ZTolerance&gt;0.0032808333333333331&lt;/ZTolerance&gt;&lt;MTolerance&gt;0.001&lt;/MTolerance&gt;&lt;HighPrecision&gt;true&lt;/HighPrecision&gt;&lt;WKID&gt;26710&lt;/WKID&gt;&lt;LatestWKID&gt;26710&lt;/LatestWKID&gt;&lt;/ProjectedCoordinateSystem&gt;</peXml></coordRef><RasterProperties><General><PixelDepth Sync="TRUE">16</PixelDepth><HasColormap Sync="TRUE">FALSE</HasColormap><CompressionType Sync="TRUE">RLE</CompressionType><NumBands Sync="TRUE">1</NumBands><Format Sync="TRUE">GRID</Format><HasPyramids Sync="TRUE">FALSE</HasPyramids><SourceType Sync="TRUE">continuous</SourceType><PixelType Sync="TRUE">signed integer</PixelType><NoDataValue Sync="TRUE">-32768</NoDataValue></General></RasterProperties></DataProperties><SyncDate>20130617</SyncDate><SyncTime>12052400</SyncTime><ModDate>20130617</ModDate><ModTime>12063900</ModTime><scaleRange><minScale>150000000</minScale><maxScale>5000</maxScale></scaleRange><ArcGISFormat>1.0</ArcGISFormat><ArcGISProfile>ISO19139</ArcGISProfile></Esri><dataIdInfo><resConst xmlns:esri="http://www.esri.com/metadata/"><Consts><useLimit>	Use of this Data is restricted to training, demonstration, and educational purposes only. This Data cannot be sold or used for marketing without the express written consent of Environmental Systems Research Institute Inc.
	THE DATA AND RELATED MATERIALS MAY CONTAIN SOME NONCONFORMITIES, DEFECTS, OR ERRORS. ESRI DOES NOT WARRANT THAT THE DATA WILL MEET USER'S NEEDS OR EXPECTATIONS; THAT THE USE OF THE DATA WILL BE UNINTERRUPTED; OR THAT ALL NONCONFORMITIES, DEFECTS, OR ERRORS CAN OR WILL BE CORRECTED. ESRI IS NOT INVITING RELIANCE ON THIS DATA, AND THE USER SHOULD ALWAYS VERIFY ACTUAL DATA.
	THE DATA AND RELATED MATERIALS ARE PROVIDED "AS-IS" WITHOUT WARRANTY OF ANY KIND, EITHER EXPRESS OR IMPLIED, INCLUDING, BUT NOT LIMITED TO, THE IMPLIED WARRANTIES OF MERCHANTABILITY AND FITNESS FOR A PARTICULAR PURPOSE.
	IN NO EVENT SHALL ESRI AND/OR ITS LICENSOR(S) BE LIABLE FOR COSTS OF PROCUREMENT OF SUBSTITUTE GOODS OR SERVICES; LOST PROFITS, LOST SALES, OR BUSINESS EXPENDITURES, INVESTMENTS, OR COMMITMENTS IN CONNECTION WITH ANY BUSINESS; LOSS OF ANY GOODWILL; OR FOR ANY INDIRECT, SPECIAL, INCIDENTAL, EXEMPLARY, OR CONSEQUENTIAL DAMAGES ARISING OUT OF THIS AGREEMENT OR USE OF THE DATA AND RELATED MATERIALS, HOWEVER CAUSED, ON ANY THEORY OF LIABILITY, AND WHETHER OR NOT ESRI OR ITS LICENSOR(S) HAVE BEEN ADVISED OF THE POSSIBILITY OF SUCH DAMAGE. THESE LIMITATIONS SHALL APPLY NOTWITHSTANDING ANY FAILURE OF ESSENTIAL PURPOSE OF ANY EXCLUSIVE REMEDY.
	In the event that the data vendor(s) has (have) granted the end user permission to redistribute the Geodata, please use proper proprietary or copyright attribution for the various data vendor(s), and provide the associated metadata file(s) with the Geodata.</useLimit></Consts></resConst><envirDesc Sync="TRUE">Microsoft Windows 7 Version 6.1 (Build 7601) Service Pack 1; Esri ArcGIS 10.2.0.3345</envirDesc><dataLang><languageCode value="eng" Sync="TRUE"/><countryCode value="USA" Sync="TRUE"/></dataLang><idCitation><resTitle Sync="TRUE">erelev</resTitle><presForm><PresFormCd value="005" Sync="TRUE"/></presForm></idCitation><spatRpType><SpatRepTypCd value="002" Sync="TRUE"/></spatRpType><dataExt><geoEle><GeoBndBox esriExtentType="search"><exTypeCode Sync="TRUE">1</exTypeCode><westBL Sync="TRUE">-120.130008</westBL><eastBL Sync="TRUE">-119.994747</eastBL><northBL Sync="TRUE">39.003067</northBL><southBL Sync="TRUE">38.871817</southBL></GeoBndBox></geoEle></dataExt><idPurp>This data was derived from a DEM and represents an elevation model for Lake Tahoe</idPurp><idAbs>&lt;DIV STYLE="text-align:Left;"&gt;&lt;P STYLE="font-size:16ptmargin:7 0 7 0;"&gt;&lt;SPAN&gt;&lt;SPAN&gt;"The data and related materials are made available through Esri (http://www.esri.com) and are intended for educational purposes only (see Access and use limitations section)."&lt;/SPAN&gt;&lt;/SPAN&gt;&lt;/P&gt;&lt;DIV&gt;&lt;P&gt;&lt;SPAN /&gt;&lt;/P&gt;&lt;/DIV&gt;&lt;/DIV&gt;</idAbs><idCredit>Esri Training Services</idCredit><searchKeys><keyword>PYTH</keyword><keyword>Esri Training</keyword><keyword>Lake Tahoe</keyword><keyword>elevation model</keyword></searchKeys><resConst xmlns:esri="http://www.esri.com/metadata/"><Consts><useLimit>	Use of this Data is restricted to training, demonstration, and educational purposes only. This Data cannot be sold or used for marketing without the express written consent of Environmental Systems Research Institute Inc.
	THE DATA AND RELATED MATERIALS MAY CONTAIN SOME NONCONFORMITIES, DEFECTS, OR ERRORS. ESRI DOES NOT WARRANT THAT THE DATA WILL MEET USER'S NEEDS OR EXPECTATIONS; THAT THE USE OF THE DATA WILL BE UNINTERRUPTED; OR THAT ALL NONCONFORMITIES, DEFECTS, OR ERRORS CAN OR WILL BE CORRECTED. ESRI IS NOT INVITING RELIANCE ON THIS DATA, AND THE USER SHOULD ALWAYS VERIFY ACTUAL DATA.
	THE DATA AND RELATED MATERIALS ARE PROVIDED "AS-IS" WITHOUT WARRANTY OF ANY KIND, EITHER EXPRESS OR IMPLIED, INCLUDING, BUT NOT LIMITED TO, THE IMPLIED WARRANTIES OF MERCHANTABILITY AND FITNESS FOR A PARTICULAR PURPOSE.
	IN NO EVENT SHALL ESRI AND/OR ITS LICENSOR(S) BE LIABLE FOR COSTS OF PROCUREMENT OF SUBSTITUTE GOODS OR SERVICES; LOST PROFITS, LOST SALES, OR BUSINESS EXPENDITURES, INVESTMENTS, OR COMMITMENTS IN CONNECTION WITH ANY BUSINESS; LOSS OF ANY GOODWILL; OR FOR ANY INDIRECT, SPECIAL, INCIDENTAL, EXEMPLARY, OR CONSEQUENTIAL DAMAGES ARISING OUT OF THIS AGREEMENT OR USE OF THE DATA AND RELATED MATERIALS, HOWEVER CAUSED, ON ANY THEORY OF LIABILITY, AND WHETHER OR NOT ESRI OR ITS LICENSOR(S) HAVE BEEN ADVISED OF THE POSSIBILITY OF SUCH DAMAGE. THESE LIMITATIONS SHALL APPLY NOTWITHSTANDING ANY FAILURE OF ESSENTIAL PURPOSE OF ANY EXCLUSIVE REMEDY.
	In the event that the data vendor(s) has (have) granted the end user permission to redistribute the Geodata, please use proper proprietary or copyright attribution for the various data vendor(s), and provide the associated metadata file(s) with the Geodata.</useLimit></Consts></resConst></dataIdInfo><mdLang><languageCode value="eng" Sync="TRUE"/><countryCode value="USA" Sync="TRUE"/></mdLang><distInfo><distFormat><formatName Sync="TRUE">Raster Dataset</formatName></distFormat></distInfo><mdHrLv><ScopeCd value="005" Sync="TRUE"/></mdHrLv><mdHrLvName Sync="TRUE">dataset</mdHrLvName><refSysInfo><RefSystem><refSysID><identCode code="26710" Sync="TRUE"/><idCodeSpace Sync="TRUE">EPSG</idCodeSpace><idVersion Sync="TRUE">8.1.1</idVersion></refSysID></RefSystem></refSysInfo><spatRepInfo><Georect><cellGeo><CellGeoCd Sync="TRUE" value="002"/></cellGeo><numDims Sync="TRUE">2</numDims><tranParaAv Sync="TRUE">1</tranParaAv><chkPtAv Sync="TRUE">0</chkPtAv><cornerPts><pos Sync="TRUE">748982.687500 4306622.500000</pos></cornerPts><cornerPts><pos Sync="TRUE">748982.687500 4320842.500000</pos></cornerPts><cornerPts><pos Sync="TRUE">760262.687500 4320842.500000</pos></cornerPts><cornerPts><pos Sync="TRUE">760262.687500 4306622.500000</pos></cornerPts><centerPt><pos Sync="TRUE">754622.687500 4313732.500000</pos></centerPt><axisDimension type="002"><dimSize Sync="TRUE">376</dimSize><dimResol><value Sync="TRUE" uom="Meter">30.000000</value></dimResol></axisDimension><axisDimension type="001"><dimSize Sync="TRUE">474</dimSize><dimResol><value Sync="TRUE" uom="Meter">30.000000</value></dimResol></axisDimension><ptInPixel><PixOrientCd Sync="TRUE" value="001"/></ptInPixel></Georect></spatRepInfo><eainfo><detailed Name="erelev.vat"><enttyp><enttypl Sync="TRUE">erelev.vat</enttypl><enttypt Sync="TRUE">Table</enttypt><enttypc Sync="TRUE">1075</enttypc></enttyp><attr><attrlabl Sync="TRUE">Rowid</attrlabl><attalias Sync="TRUE">Rowid</attalias><attrtype Sync="TRUE">OID</attrtype><attwidth Sync="TRUE">4</attwidth><atprecis Sync="TRUE">0</atprecis><attscale Sync="TRUE">0</attscale><attrdef Sync="TRUE">Internal feature number.</attrdef><attrdefs Sync="TRUE">Esri</attrdefs><attrdomv><udom Sync="TRUE">Sequential unique whole numbers that are automatically generated.</udom></attrdomv></attr><attr><attrlabl Sync="TRUE">VALUE</attrlabl><attalias Sync="TRUE">VALUE</attalias><attrtype Sync="TRUE">Integer</attrtype><attwidth Sync="TRUE">4</attwidth><atprecis Sync="TRUE">0</atprecis><attscale Sync="TRUE">0</attscale></attr><attr><attrlabl Sync="TRUE">COUNT</attrlabl><attalias Sync="TRUE">COUNT</attalias><attrtype Sync="TRUE">Integer</attrtype><attwidth Sync="TRUE">4</attwidth><atprecis Sync="TRUE">0</atprecis><attscale Sync="TRUE">0</attscale></attr></detailed></eainfo><contInfo><ImgDesc><contentTyp><ContentTypCd Sync="TRUE" value="003"/></contentTyp><covDim><Band><dimDescrp Sync="TRUE">erelev</dimDescrp><maxVal Sync="TRUE">2966.000000</maxVal><minVal Sync="TRUE">1868.000000</minVal><bitsPerVal Sync="TRUE">16</bitsPerVal><valUnit><UOM type="length"/></valUnit></Band></covDim></ImgDesc></contInfo><mdDateSt Sync="TRUE">20130617</mdDateSt><mdContact xmlns:esri="http://www.esri.com/metadata/"><rpOrgName>Environmental Systems Research Institute, Inc. (Esri)</rpOrgName><rpCntInfo><cntAddress><delPoint>380 New York Street</delPoint><city>Redlands</city><adminArea>California</adminArea><postCode>92373-8100</postCode><country>USA</country><eMailAdd>info@esri.com</eMailAdd></cntAddress><cntPhone><voiceNum>909-793-2853</voiceNum><faxNum>909-793-5953</faxNum></cntPhone><cntOnlineRes><linkage>http://www.esri.com/about-esri/contact.html</linkage></cntOnlineRes><cntInstr>In the United States, please direct all inquiries regarding software/data pricing and consulting services to your local Esri Regional Office.  For support, you may contact Technical Support by telephone (voice) between 6:00 a.m. and 6:00 p.m. Pacific time, Monday through Friday, by dialing 909-793-3774; facsimile (fax) available at 909-792-0960; electronic mail (e-mail) support@esri.com; or visit http://support.esri.com; Esri holidays excluded. Outside the United States, please direct all inquiries regarding software/data pricing, sales, support, and consulting services to your local Esri International Distributor.  This information can be found at http://www.esri.com/about-esri/locations.html.</cntInstr><cntHours>8:00 a.m.-5:00 p.m. Pacific time, Monday-Friday</cntHours></rpCntInfo><role><RoleCd value="005"/></role></mdContact></metadata>
